rfq_id,attachment_files
RFQ_0003,RFQ_0003_att_01.txt;RFQ_0003_att_02.txt;RFQ_0003_att_03.txt
RFQ_0004,RFQ_0004_att_01.txt;RFQ_0004_att_02.txt;RFQ_0004_att_03.txt
RFQ_0005,RFQ_0005_att_01.txt;RFQ_0005_att_02.txt
RFQ_0006,RFQ_0006_att_01.txt
RFQ_0008,RFQ_0008_att_01.txt;RFQ_0008_att_02.txt
RFQ_0009,RFQ_0009_att_01.txt;RFQ_0009_att_02.txt
RFQ_0010,RFQ_0010_att_01.txt;RFQ_0010_att_02.txt
RFQ_0014,RFQ_0014_att_01.txt;RFQ_0014_att_02.txt;RFQ_0014_att_03.txt
RFQ_0016,RFQ_0016_att_01.txt;RFQ_0016_att_02.txt;RFQ_0016_att_03.txt
RFQ_0023,RFQ_0023_att_01.txt
RFQ_0024,RFQ_0024_att_01.txt
RFQ_0027,RFQ_0027_att_01.txt
RFQ_0032,RFQ_0032_att_01.txt
RFQ_0035,RFQ_0035_att_01.txt;RFQ_0035_att_02.txt;RFQ_0035_att_03.txt
RFQ_0039,RFQ_0039_att_01.txt;RFQ_0039_att_02.txt
RFQ_0040,RFQ_0040_att_01.txt;RFQ_0040_att_02.txt;RFQ_0040_att_03.txt
RFQ_0041,RFQ_0041_att_01.txt;RFQ_0041_att_02.txt
RFQ_0045,RFQ_0045_att_01.txt
RFQ_0047,RFQ_0047_att_01.txt
RFQ_0048,RFQ_0048_att_01.txt
RFQ_0050,RFQ_0050_att_01.txt
RFQ_0053,RFQ_0053_att_01.txt;RFQ_0053_att_02.txt;RFQ_0053_att_03.txt
RFQ_0056,RFQ_0056_att_01.txt;RFQ_0056_att_02.txt;RFQ_0056_att_03.txt
RFQ_0061,RFQ_0061_att_01.txt;RFQ_0061_att_02.txt;RFQ_0061_att_03.txt
RFQ_0064,RFQ_0064_att_01.txt;RFQ_0064_att_02.txt;RFQ_0064_att_03.txt
RFQ_0065,RFQ_0065_att_01.txt;RFQ_0065_att_02.txt
RFQ_0066,RFQ_0066_att_01.txt;RFQ_0066_att_02.txt
RFQ_0067,RFQ_0067_att_01.txt;RFQ_0067_att_02.txt;RFQ_0067_att_03.txt
RFQ_0075,RFQ_0075_att_01.txt;RFQ_0075_att_02.txt
RFQ_0076,RFQ_0076_att_01.txt;RFQ_0076_att_02.txt
RFQ_0077,RFQ_0077_att_01.txt
RFQ_0079,RFQ_0079_att_01.txt
